# id|display_name|source_url
carl_mcbreen|Dr Carl McBreen|https://www.assumptionbvmschool.net/uploaded/Screenshot_2026-08-19_at_2.32.17_PM.png
melissa_thompson|Mrs. Melissa Thompson|https://www.assumptionbvmschool.net/uploaded/faculty/ABVM/00000146.JPG
carol_boyer|Mrs Carol Boyer|https://www.assumptionbvmschool.net/uploaded/faculty/ABVM/Boyer_Mrs.JPG
erin_heckman|Mrs. Erin Heckman|https://www.assumptionbvmschool.net/uploaded/faculty/ABVM/00000058.JPG
sharon_rossi|Mrs. Sharon Rossi|https://www.assumptionbvmschool.net/uploaded/faculty/ABVM/00000119.JPG
cindy_campion|Mrs. Cindy Campion|https://www.assumptionbvmschool.net/uploaded/faculty/ABVM/00000019.JPG
maryann_lascala|Mrs. MaryAnn Lascala|https://www.assumptionbvmschool.net/uploaded/faculty/ABVM/00000072.JPG
karla_russek|Mrs. Karla Russek|https://www.assumptionbvmschool.net/uploaded/faculty/ABVM/00000120.JPG
aimee_benulis|Mrs. Aimee Benulis|https://www.assumptionbvmschool.net/uploaded/faculty/ABVM/00000007.JPG
marla_callaghan|Mrs. Marla Callaghan|https://www.assumptionbvmschool.net/uploaded/faculty/ABVM/00000018.JPG
marylouise_smith|Ms. MaryLouise Smith|https://www.assumptionbvmschool.net/uploaded/faculty/ABVM/00000137.JPG
nicole_leagans|Mrs Nicole Leagans|https://www.assumptionbvmschool.net/uploaded/faculty/ABVM/00000094.JPG
lyric_paskel|Mrs. Lyric Paskel|https://www.assumptionbvmschool.net/uploaded/faculty/ABVM/Paskel_Mrs.JPG
mike_yordy|Mr. Mike Yordy|https://www.assumptionbvmschool.net/uploaded/faculty/ABVM/00000173.JPG
jacqui_urban|Mrs. Jacqui Urban|https://www.assumptionbvmschool.net/uploaded/faculty/ABVM/00000153.JPG
david_bolich|Mr. David Bolich|https://www.assumptionbvmschool.net/uploaded/faculty/ABVM/00000008.JPG
lucilla_kochol|Mrs. Lucilla Kochol|https://www.assumptionbvmschool.net/uploaded/faculty/ABVM/00000068.JPG
cindy_long|Mrs. Cindy Long|https://www.assumptionbvmschool.net/uploaded/faculty/ABVM/00000077.JPG
